beta_prcp,beta_tavg,beta_tmax,beta_tmin
-4.009001180097e-4,0.006267169080566074,0.0041242763852637355,0.0044172052817684675
