beta_prcp,beta_tavg,beta_tmax,beta_tmin
3.8788067538455824e-4,4.2156459672979305e-4,5.058954254905226e-4,5.062468570539634e-4
