beta_prcp,beta_tavg,beta_tmax,beta_tmin
1.7758371881794238e-4,8.627566349180714e-4,6.337344539371913e-4,8.633462758614409e-4
