beta_prcp,beta_tavg,beta_tmax,beta_tmin
-8.412623097255485e-4,0.003306326312417447,0.0034627543856424743,0.0032909433444582924
