Prop of Migrants,Prop of Illegal Migrants,Prop of Legal Migrants
0.015987494226738196,0.011271283540728504,0.004707470667128531
