Prop of Migrants,Prop of Illegal Migrants,Prop of Legal Migrants
0.015226836165178607,0.010709162558327425,0.00450955498029646
